Name,Path,Search Terms,Category
bg_underwater_13.png,Backgrounds/Underwater/BG-Underwater-13.png,"underwater,background,blue,ocean,sea,water",backgrounds
bg_underwater_02.png,Backgrounds/Underwater/BG-Underwater-02.png,"underwater,background,blue,ocean,sea,water",backgrounds
bg_underwater_07.png,Backgrounds/Underwater/BG-Underwater-07.png,"underwater,background,blue,ocean,sea,water",backgrounds
bg_landscape21.png,Backgrounds/Landscape/BG-Landscape21.png,"outerspace,background,landscape,planet,alien",backgrounds
bg_landscape10.png,Backgrounds/Landscape/BG-Landscape10.png,"underwater,background,blue,ocean,sea,water,waves",backgrounds
bg_landscape16.png,Backgrounds/Landscape/BG-Landscape16.png,"background,snow,landscape,evergreen,clouds,blue,green",backgrounds
bg_landscape06.png,Backgrounds/Landscape/BG-Landscape06.png,"background,trees,spring,green,garden",backgrounds
bg_landscape08.png,Backgrounds/Landscape/BG-Landscape08.png,"background,snow,trees,blue",backgrounds
texture_03.png,Backgrounds/Texture/Texture-03.png,"background,stone,wall,grey",backgrounds
texture_07.png,Backgrounds/Texture/Texture-07.png,"background,brick,red,wall",backgrounds
sports_basketballhalf2.png,Backgrounds/Sports/Sports-BasketballHalf2.png,"background,basketballcourt,wood,court,sports,sport,halfcourt",backgrounds
sports_volleyball.png,Backgrounds/Sports/Sports-Volleyball.png,"background,sports,volleyball,orange,blue,sport,court",backgrounds
sports_baseball.png,Backgrounds/Sports/Sports-Baseball.png,"background,baseball,diamond,field,sports,sport",backgrounds
sports_football.png,Backgrounds/Sports/Sports-Football.png,"green,background,footballfield,green,sports,sport",backgrounds
sports_billards.png,Backgrounds/Sports/Sports-Billards.png,"background,pool,billards,sports,sport",backgrounds
sports_swimming.png,Backgrounds/Sports/Sports-Swimming.png,"background,sports,sport,swimming,lanes,blue,water,swim,lanes",backgrounds
sports_tenniss.png,Backgrounds/Sports/Sports-Tenniss.png,"background,tennis,brown,court,sport,sports,clay",backgrounds
sports_scoccer.png,Backgrounds/Sports/Sports-Scoccer.png,"background,soccer,field,sport,sports,green",backgrounds
sports_tennis2.png,Backgrounds/Sports/Sports-Tennis2.png,"background,tennis,court,sport,sports,green,grass",backgrounds
sports_hockey.png,Backgrounds/Sports/Sports-Hockey.png,"background,hockey,ice,white,sport,sports",backgrounds
sports_track.png,Backgrounds/Sports/Sports-Track.png,"background,track,trackandfield,lanes,red,brown,sport,sports",backgrounds
tropicalfish_19.png,Underwater/Tropical Fish/TropicalFish-19.png,"fish,tropical,blue",animals
tropicalfish_12.png,Underwater/Tropical Fish/TropicalFish-12.png,"fish,tropical,teal",animals
tropicalfish_11.png,Underwater/Tropical Fish/TropicalFish-11.png,"fish,tropical,black,white,zebra",animals
tropicalfish_15.png,Underwater/Tropical Fish/TropicalFish-15.png,"fish,tropical,tetra",animals
tropicalfish_02.png,Underwater/Tropical Fish/TropicalFish-02.png,"fish,tropical,orange",animals
tropicalfish_16.png,Underwater/Tropical Fish/TropicalFish-16.png,"fish,tropical,yellow",animals
tropicalfish_08.png,Underwater/Tropical Fish/TropicalFish-08.png,"fish,tropical,blue,red",animals
tropicalfish_04.png,Underwater/Tropical Fish/TropicalFish-04.png,"fish,tropical,goldfish",animals
tropicalfish_09.png,Underwater/Tropical Fish/TropicalFish-09.png,"fish,tropical,parrotfish",animals
tropicalfish_06.png,Underwater/Tropical Fish/TropicalFish-06.png,"fish,tropical,minnow",animals
tropicalfish_01.png,Underwater/Tropical Fish/TropicalFish-01.png,"fish,tropical,clownfish",animals
tropicalfish_10.png,Underwater/Tropical Fish/TropicalFish-10.png,"fish,tropical,purple",animals
shell_17.png,Underwater/Shells/Shell-17.png,"underwater,shell,green,conch",aquatic_objects
shell_06.png,Underwater/Shells/Shell-06.png,"underwater,shell,orange",aquatic_objects
shell_10.png,Underwater/Shells/Shell-10.png,"underwater,shell,white,spikey",aquatic_objects
shell_15.png,Underwater/Shells/Shell-15.png,"underwater,shell,snail,brown",aquatic_objects
shell_02.png,Underwater/Shells/Shell-02.png,"underwater,shell,green,conch",aquatic_objects
shell_01.png,Underwater/Shells/Shell-01.png,"underwater,shell,spiral,pink",aquatic_objects
shell_07.png,Underwater/Shells/Shell-07.png,"underwater,shell,orange,conch",aquatic_objects
shell_05.png,Underwater/Shells/Shell-05.png,"underwater,shell,snail,purple",aquatic_objects
shell_09.png,Underwater/Shells/Shell-09.png,"underwater,shell,clam,white",aquatic_objects
shell_16.png,Underwater/Shells/Shell-16.png,"underwater,shell,pink,snail",aquatic_objects
shell_08.png,Underwater/Shells/Shell-08.png,"underwater,shell,blue,snail",aquatic_objects
robot_10.png,Creatures/Robots/Robot-10.png,"robot,character,scifi,toy,pink",robots
robot_25.png,Creatures/Robots/Robot-25.png,"robot,character,scifi,toy,green",robots
robot_06.png,Creatures/Robots/Robot-06.png,"robot,character,scifi,toy,blue",robots
robot_02.png,Creatures/Robots/Robot-02.png,"robot,character,scifi,toy,orange",robots
robot_29.png,Creatures/Robots/Robot-29.png,"robot,character,scifi,toy,orange",robots
robot_30.png,Creatures/Robots/Robot-30.png,"robot,character,scifi,toy,purple",robots
robot_26.png,Creatures/Robots/Robot-26.png,"robot,character,scifi,green,copter",robots
commercial_15.png,Buildings/Building Set 1/Commercial-15.png,"building,office,stores,",buildings
commercial_12.png,Buildings/Building Set 1/Commercial-12.png,"building,bank,museum",buildings
commercial_11.png,Buildings/Building Set 1/Commercial-11.png,"building,hospital",buildings
beachhouse_14.png,Buildings/Building Set 1/Beachhouse-14.png,"building,beach,shack",buildings
commercial_13.png,Buildings/Building Set 1/Commercial-13.png,"building,trainstation,museum",buildings
commercial_17.png,Buildings/Building Set 1/Commercial-17.png,"building,garage,industrial",buildings
commercial_18.png,Buildings/Building Set 1/Commercial-18.png,"building,apartment,commercial",buildings
commercial_04.png,Buildings/Building Set 1/Commercial-04.png,"building,commercial,office",buildings
commercial_30.png,Buildings/Building Set 1/Commercial-30.png,"building,commercial,office",buildings
commercial_01.png,Buildings/Building Set 1/Commercial-01.png,"building,commercial,store,cafe",buildings
commercial_09.png,Buildings/Building Set 1/Commercial-09.png,"building,restaurant,cafe",buildings
beachhouse_16.png,Buildings/Building Set 1/Beachhouse-16.png,"building,beach,shack",buildings
commercial_08.png,Buildings/Building Set 1/Commercial-08.png,"building,cafe",buildings
beachhouse_12.png,Buildings/Building Set 1/Beachhouse-12.png,"building,beach,shack",buildings
commercial_07.png,Buildings/Building Set 1/Commercial-07.png,"building,commercial,restaurant,cafe",buildings
beachhouse_11.png,Buildings/Building Set 1/Beachhouse-11.png,"building,beach,shack",buildings
commercial_06.png,Buildings/Building Set 1/Commercial-06.png,"building,commercial,restaurant,cafe",buildings
building_08.png,Buildings/Building Set 1/Building-08.png,"building,house,home",buildings
building_20.png,Buildings/Building Set 1/Building-20.png,"building,industry,firehouse",buildings
building_09.png,Buildings/Building Set 1/Building-09.png,"building,house,home,school",buildings
building_17.png,Buildings/Building Set 1/Building-17.png,"building,commercial,restaurant,cafe",buildings
building_10.png,Buildings/Building Set 1/Building-10.png,"building,house,home",buildings
building_11.png,Buildings/Building Set 1/Building-11.png,"building,house,home",buildings
castle_01.png,Buildings/Building Set 1/Castle-01.png,"building,castle",buildings
castle_03.png,Buildings/Building Set 1/Castle-03.png,"building,castle",buildings
castle_11.png,Buildings/Building Set 1/Castle-11.png,"building,castle",buildings
house_04.png,Buildings/Building Set 1/House-04.png,"building,house,home",buildings
asian_04.png,Buildings/Building Set 1/Asian-04.png,"building,palace",buildings
asian_05.png,Buildings/Building Set 1/Asian-05.png,"building,palace",buildings
house_05.png,Buildings/Building Set 1/House-05.png,"building,house,home",buildings
house_02.png,Buildings/Building Set 1/House-02.png,"building,house,home",buildings
house_03.png,Buildings/Building Set 1/House-03.png,"building,house,home",buildings
pupilportrait_05.png,About Me/Portraits/PupilPortrait-05.png,"character,girl,profile,kid,latin,latinx,hispanic",faces
pupilportrait_04.png,About Me/Portraits/PupilPortrait-04.png,"character,girl,profile,asian,kid",faces
pupilportrait_07.png,About Me/Portraits/PupilPortrait-07.png,"character,girl,profile,kid,glasses,white",faces
pupilportrait_12.png,About Me/Portraits/PupilPortrait-12.png,"character,girl,profile,black,kid",faces
pupilportrait_02.png,About Me/Portraits/PupilPortrait-02.png,"character,boy,profile,kid,latin,latinx,hispanic",faces
pupilportrait_08.png,About Me/Portraits/PupilPortrait-08.png,"character,boy,profile,kid",faces
pupilportrait_06.png,About Me/Portraits/PupilPortrait-06.png,"character,boy,profile,black,kid",faces
pupilportrait_01.png,About Me/Portraits/PupilPortrait-01.png,"character,girl,profile,kid,ginger",faces
pupilportrait_09.png,About Me/Portraits/PupilPortrait-09.png,"character,girl,profile,kid,latin,latinx,hispanic",faces
pupilportrait_03.png,About Me/Portraits/PupilPortrait-03.png,"character,boy,profile,kid,latin,latinx,hispanic",faces
pupilportrait_10.png,About Me/Portraits/PupilPortrait-10.png,"character,boy,profile,kid,white",faces
pupilportrait_11.png,About Me/Portraits/PupilPortrait-11.png,"character,boy,profile,kid,glasses,white,kid",faces
kidportrait_08.png,About Me/Portraits/KidPortrait-08.png,"character,girl,profile,black,kid",faces
kidportrait_07.png,About Me/Portraits/KidPortrait-07.png,"character,girl,profile,kid",faces
kidportrait_10.png,About Me/Portraits/KidPortrait-10.png,"character,girl,profile,kid",faces
kidportrait_01.png,About Me/Portraits/KidPortrait-01.png,"character,boy,profile,black,kid",faces
kidportrait_09.png,About Me/Portraits/KidPortrait-09.png,"character,girl,profile,kid,glasses,white,kid",faces
kidportrait_12.png,About Me/Portraits/KidPortrait-12.png,"character,boy,profile,kid,glasses,white,kid",faces
kidportrait_05.png,About Me/Portraits/KidPortrait-05.png,"character,girl,profile,kid",faces
kidportrait_06.png,About Me/Portraits/KidPortrait-06.png,"character,girl,profile,kid",faces
kidportrait_04.png,About Me/Portraits/KidPortrait-04.png,"character,girl,profile,kid",faces
kidportrait_03.png,About Me/Portraits/KidPortrait-03.png,"character,boy,profile,kid",faces
kidportrait_14.png,About Me/Portraits/KidPortrait-14.png,"character,boy,profile,kid,latin,latinx,hispanic",faces
kidportrait_11.png,About Me/Portraits/KidPortrait-11.png,"character,girl,profile,kid,latin,latinx,hispanic",faces
kidportrait_02.png,About Me/Portraits/KidPortrait-02.png,"character,boy,profile,kid",faces
kidportrait_15.png,About Me/Portraits/KidPortrait-15.png,"character,girl,profile,kid",faces
kidportrait_13.png,About Me/Portraits/KidPortrait-13.png,"character,boy,profile,kid,latin,latinx,hispanic",faces
latinx_boyglasses.png,About Me/Avatars/Latinx-BoyGlasses.png,"character,boy,profile,kid,latin,latinx,hispanic",people
latinx_girlwave2.png,About Me/Avatars/Latinx-GirlWave2.png,"character,girl,kid,latin,latinx,hispanic",people
latinx_girldress.png,About Me/Avatars/Latinx-GirlDress.png,"character,girl,kid,latin,latinx,hispanic",people
latinx_curlyhair.png,About Me/Avatars/Latinx-CurlyHair.png,"character,girl,kid,latin,latinx,hispanic",people
black_boyglasses.png,About Me/Avatars/Black-BoyGlasses.png,"character,boy,profile,black,kid",people
latinx_boyhoodie.png,About Me/Avatars/Latinx-BoyHoodie.png,"character,boy,profile,latin,latinx,hispanic,kid",people
latinx_girltails.png,About Me/Avatars/Latinx-GirlTails.png,"character,girl,latin,latinx,hispanic,kid",people
latinx_girlwave.png,About Me/Avatars/Latinx-GirlWave.png,"character,girl,latin,latinx,hispanic,kid",people
latinx_boybangs.png,About Me/Avatars/Latinx-BoyBangs.png,"character,boy,profile,latin,latinx,hispanic,kid",people
black_girlwave2.png,About Me/Avatars/Black-GirlWave2.png,"character,girl,black,kid",people
black_girltails.png,About Me/Avatars/Black-GirlTails.png,"character,girl,black,kid",people
black_curlyhair.png,About Me/Avatars/Black-CurlyHair.png,"character,profile,kid,black,",people
latinx_boywave3.png,About Me/Avatars/Latinx-BoyWave3.png,"character,boy,profile,latin,latinx,hispanic,kid",people
latinx_boywave1.png,About Me/Avatars/Latinx-BoyWave1.png,"character,boy,profile,latin,latinx,hispanic,kid",people
black_boyhoodie.png,About Me/Avatars/Black-BoyHoodie.png,"character,boy,profile,black,kid",people
latinx_boywave2.png,About Me/Avatars/Latinx-BoyWave2.png,"character,boy,profile,kid",people
black_girldress.png,About Me/Avatars/Black-GirlDress.png,"character,girl,black,kid",people
asianoutfit_01.png,About Me/Avatars/AsianOutfit-01.png,"character,girl,asian,kid",people
asianoutfit_03.png,About Me/Avatars/AsianOutfit-03.png,"character,girl,asian,kid",people
asianoutfit_02.png,About Me/Avatars/AsianOutfit-02.png,"character,boy,profile,kid,kid",people
black_boywave2.png,About Me/Avatars/Black-BoyWave2.png,"character,boy,profile,black,kid",people
latinx_girlbob.png,About Me/Avatars/Latinx-GirlBob.png,"character,girl,latin,latinx,hispanic,kid",people
black_girlwave.png,About Me/Avatars/Black-GirlWave.png,"character,girl,black,kid",people
asianoutfit_06.png,About Me/Avatars/AsianOutfit-06.png,"character,boy,profile,asian,kid",people
asianoutfit_07.png,About Me/Avatars/AsianOutfit-07.png,"character,girl,asian,kid",people
asianoutfit_04.png,About Me/Avatars/AsianOutfit-04.png,"character,girl,asian,kid",people
black_boywave3.png,About Me/Avatars/Black-BoyWave3.png,"character,boy,profile,black,kid",people
asianoutfit_05.png,About Me/Avatars/AsianOutfit-05.png,"character,boy,profile,asian,kid",people
black_boybangs.png,About Me/Avatars/Black-BoyBangs.png,"character,boy,profile,kid",people
black_boywave1.png,About Me/Avatars/Black-BoyWave1.png,"character,boy,profile,black,kid",people
black_bg_white.png,About Me/Avatars/Black-bg-white.png,,people
asianoutfit_08.png,About Me/Avatars/AsianOutfit-08.png,"character,boy,profile,asian,kid",people
wheelchair_01.png,About Me/Avatars/Wheelchair-01.png,"character,boy,wheelchair,injured,disabled,kid",people
black_girlbob.png,About Me/Avatars/Black-GirlBob.png,"character,girl,black,kid",people
wheelchair_04.png,About Me/Avatars/Wheelchair-04.png,"character,boy,wheelchair,injured,disabled,black,kid",people
wheelchair_05.png,About Me/Avatars/Wheelchair-05.png,"kid,wheelchair,disabled,injury,kid",people
wheelchair_02.png,About Me/Avatars/Wheelchair-02.png,"kid,wheelchair,disabled,injury,kid",people
wheelchair_03.png,About Me/Avatars/Wheelchair-03.png,"character,boy,wheelchair,injured,disabled,kid",people
crutches_01.png,About Me/Avatars/Crutches-01.png,"kid,crutches,disabled,injury,kid",people
crutches_03.png,About Me/Avatars/Crutches-03.png,"kid,crutches,disabled,injury,kid",people
crutches_02.png,About Me/Avatars/Crutches-02.png,"character,boy,profile,crutches,injury,disabled,kid",people
tween_11.png,About Me/Avatars/Tween-11.png,"character,boy,profile,latin,latinx,hispanic,kid",people
tween_22.png,About Me/Avatars/Tween-22.png,"character,boy,profile,,kid",people
blind_01.png,About Me/Avatars/Blind-01.png,"character,boy,profile,blind,kid",people
tween_06.png,About Me/Avatars/Tween-06.png,"character,girl,,kid",people
hijab_02.png,About Me/Avatars/Hijab-02.png,"character,girl,hijab,muslim,kid",people
tween_15.png,About Me/Avatars/Tween-15.png,"character,girl,latin,latinx,hispanic,kid",people
hijab_01.png,About Me/Avatars/Hijab-01.png,"character,girl,hijab,muslim,kid",people
tween_09.png,About Me/Avatars/Tween-09.png,"character,girl,,kid",people
hijab_05.png,About Me/Avatars/Hijab-05.png,"character,girl,hijab,muslim,kid",people
tween_19.png,About Me/Avatars/Tween-19.png,"character,girl,,kid",people
casts_01.png,About Me/Avatars/Casts-01.png,"kid,cast,disabled,injury,kid",people
tween_05.png,About Me/Avatars/Tween-05.png,"character,girl,kid",people
tween_07.png,About Me/Avatars/Tween-07.png,"character,boy,profile,kid",people
hijab_03.png,About Me/Avatars/Hijab-03.png,"character,girl,hijab,muslim,kid",people
tween_16.png,About Me/Avatars/Tween-16.png,"character,boy,profile,",people
tween_14.png,About Me/Avatars/Tween-14.png,"character,boy,profile,",people
casts_02.png,About Me/Avatars/Casts-02.png,"character,girl,,kid",people
tween_01.png,About Me/Avatars/Tween-01.png,"character,girl,,kid",people
tween_08.png,About Me/Avatars/Tween-08.png,"character,girl,,kid",people
tween_04.png,About Me/Avatars/Tween-04.png,"character,boy,profile,black,kid",people
tween_20.png,About Me/Avatars/Tween-20.png,"character,girl,,kid",people
tween_03.png,About Me/Avatars/Tween-03.png,"character,boy,profile,,kid",people
tween_18.png,About Me/Avatars/Tween-18.png,"character,boy,profile,black,kid",people
tween_12.png,About Me/Avatars/Tween-12.png,"character,girl,latin,latinx,hispanic,kid",people
hijab_06.png,About Me/Avatars/Hijab-06.png,"character,girl,hijab,muslim,kid",people
hijab_04.png,About Me/Avatars/Hijab-04.png,"character,girl,hijab,muslim,kid",people
tween_02.png,About Me/Avatars/Tween-02.png,"character,boy,profile,,kid",people
tween_13.png,About Me/Avatars/Tween-13.png,"character,girl,,kid",people
tween_17.png,About Me/Avatars/Tween-17.png,"character,girl,black,kid",people
tween_10.png,About Me/Avatars/Tween-10.png,"character,boy,profile,,kid",people
teen_07.png,About Me/Avatars/Teen-07.png,"character,boy,profile,,kid",people
teen_03.png,About Me/Avatars/Teen-03.png,"character,boy,profile,latin,latinx,hispanic,kid",people
teen_12.png,About Me/Avatars/Teen-12.png,"character,girl,,kid",people
teen_06.png,About Me/Avatars/Teen-06.png,"character,boy,profile,glasses,white,kid",people
teen_01.png,About Me/Avatars/Teen-01.png,"character,girl,,kid",people
teen_16.png,About Me/Avatars/Teen-16.png,"character,boy,profile,,kid",people
teen_11.png,About Me/Avatars/Teen-11.png,"character,boy,profile,",people
teen_09.png,About Me/Avatars/Teen-09.png,"character,boy,profile,black,kid",people
teen_15.png,About Me/Avatars/Teen-15.png,"character,boy,profile,,kid",people
teen_04.png,About Me/Avatars/Teen-04.png,"character,girl,black,kid",people
teen_05.png,About Me/Avatars/Teen-05.png,"character,girl,,kid",people
teen_10.png,About Me/Avatars/Teen-10.png,"character,girl,,kid,white",people
teen_18.png,About Me/Avatars/Teen-18.png,"character,girl,,kid,asian",people
teen_02.png,About Me/Avatars/Teen-02.png,"character,girl,kid,glasses,white",people
teen_08.png,About Me/Avatars/Teen-08.png,"character,boy,profile,,kid",people
teen_13.png,About Me/Avatars/Teen-13.png,"character,boy,profile,,kid",people
teen_17.png,About Me/Avatars/Teen-17.png,"character,girl,kid,glasses,white,kid",people
teen_14.png,About Me/Avatars/Teen-14.png,"character,boy,profile,,kid",people
leg_01.png,About Me/Avatars/Leg-01.png,"character,boy,profile,,kid",people
tweenpupil_07.png,About Me/Pupils/TweenPupil-07.png,"character,boy,profile,,kid",people
tweenpupil_03.png,About Me/Pupils/TweenPupil-03.png,"character,girl,,kid",people
tweenpupil_05.png,About Me/Pupils/TweenPupil-05.png,"character,girl,black,kid",people
tweenpupil_06.png,About Me/Pupils/TweenPupil-06.png,"character,girl,latin,latinx,hispanic,kid",people
tweenpupil_02.png,About Me/Pupils/TweenPupil-02.png,"character,boy,profile,glasses,white,kid",people
tweenpupil_08.png,About Me/Pupils/TweenPupil-08.png,"character,boy,profile,black,kid",people
tweenpupil_10.png,About Me/Pupils/TweenPupil-10.png,"character,boy,profile,latin,latinx,hispanic,kid",people
tweenpupil_01.png,About Me/Pupils/TweenPupil-01.png,"character,girl,glasses,white,kid",people
tweenpupil_04.png,About Me/Pupils/TweenPupil-04.png,"character,girl,,kid",people
tweenpupil_09.png,About Me/Pupils/TweenPupil-09.png,"character,boy,profile,,kid",people
tropicalfish_13.png,Animals/Tropical Fish/TropicalFish-13.png,"fish,tropical,underwater",animals
tropicalfish_03.png,Animals/Tropical Fish/TropicalFish-03.png,"fish,tropical,underwater",animals
tropicalfish_17.png,Animals/Tropical Fish/TropicalFish-17.png,"fish,tropical,underwater",animals
tropicalfish_18.png,Animals/Tropical Fish/TropicalFish-18.png,"fish,tropical,underwater",animals
tropicalfish_05.png,Animals/Tropical Fish/TropicalFish-05.png,"fish,tropical,underwater",animals
tropicalfish_07.png,Animals/Tropical Fish/TropicalFish-07.png,"fish,tropical,underwater",animals
tropicalfish_02.png,Animals/Tropical Fish/TropicalFish-02.png,"fish,tropical,underwater",animals
tropicalfish_14.png,Animals/Tropical Fish/TropicalFish-14.png,"fish,tropical,underwater",animals
prehistoric_16.png,Animals/Prehistoric/Prehistoric-16.png,"animal,trex,dinosaur",animals
prehistoric_15.png,Animals/Prehistoric/Prehistoric-15.png,"animal,mammoth,prehistoric",animals
grasshopper.png,Animals/Bugs/Grasshopper.png,"animal,bug,insect,grasshopper",animals
dragonfly.png,Animals/Bugs/Dragonfly.png,"animal,bug,insect,dragonfly",animals
butterfly.png,Animals/Bugs/Butterfly.png,"animal,bug,insect,butterfly",animals
ladybug2.png,Animals/Bugs/Ladybug2.png,"animal,bug,insect,ladybug",animals
beetle3.png,Animals/Bugs/Beetle3.png,"animal,bug,insect,beetle,purple",animals
ladybug.png,Animals/Bugs/Ladybug.png,"animal,bug,insect,beetle,red",animals
beetle.png,Animals/Bugs/Beetle.png,"animal,bug,insect,beetle,yellow",animals
spider.png,Animals/Bugs/Spider.png,"animal,bug,insect,spider",animals
bee.png,Animals/Bugs/Bee.png,"animal,bug,insect,bee",animals
strawberry.png,Classic/Classic Food/Strawberry.png,"food,fruit,strawberry",food
drumstick.png,Classic/Classic Food/Drumstick.png,"food,meat,drumstick,chicken,turkey",food
blueberry.png,Classic/Classic Food/Blueberry.png,"food,fruit,",food
red_fruit.png,Classic/Classic Food/Red-Fruit.png,"food,fruit,",food
cabbage.png,Classic/Classic Food/Cabbage.png,"food,vegetable,greens,cabbage",food
avocado.png,Classic/Classic Food/Avocado.png,"food,vegetable,avocado,guacamole",food
broccli.png,Classic/Classic Food/Broccli.png,"food,vegetable,broccoli",food
cherry.png,Classic/Classic Food/Cherry.png,"food,fruit,cherries",food
cheese.png,Classic/Classic Food/Cheese.png,"food,cheese",food
banana.png,Classic/Classic Food/Banana.png,"food,fruit,banana",food
orange.png,Classic/Classic Food/Orange.png,"food,fruit,orange",food
lemon.png,Classic/Classic Food/Lemon.png,"food,fruit,lemon",food
steak.png,Classic/Classic Food/Steak.png,"food,meat,steak",food
apple.png,Classic/Classic Food/Apple.png,"food,fruit,apple",food
bacon.png,Classic/Classic Food/Bacon.png,"food,meat,bacon",food
egg.png,Classic/Classic Food/Egg.png,"food,egg,friedegg,dairy",food
soap.png,Classic/Classic Misc/Soap.png,soap,household_objects
emoji_16.png,Emoji/General Emojis/Emoji-16.png,"emoji,cool,sunglasses,smileyface",emoji
emoji_10.png,Emoji/General Emojis/Emoji-10.png,"emoji,crying,laughing",emoji
emoji_28.png,Emoji/General Emojis/Emoji-28.png,"emoji,purple,devil,evil",emoji
emoji_03.png,Emoji/General Emojis/Emoji-03.png,"emoji,kissface,",emoji
emoji_01.png,Emoji/General Emojis/Emoji-01.png,"emoji,sad",emoji
emoji_22.png,Emoji/General Emojis/Emoji-22.png,"emoji,seenoevil,monkey",emoji
emoji_05.png,Emoji/General Emojis/Emoji-05.png,"emoji,worried,cool",emoji
emoji_20.png,Emoji/General Emojis/Emoji-20.png,"emoji,nervous,sweating",emoji
emoji_30.png,Emoji/General Emojis/Emoji-30.png,"emoji,poop,poo",emoji
emoji_11.png,Emoji/General Emojis/Emoji-11.png,"emoji,wink,mustache",emoji
emoji_36.png,Emoji/General Emojis/Emoji-36.png,"emoji,rockon,cool",emoji
emoji_19.png,Emoji/General Emojis/Emoji-19.png,"emoji,smile,smileyface",emoji
emoji_27.png,Emoji/General Emojis/Emoji-27.png,"emoji,vampire,undead",emoji
emoji_26.png,Emoji/General Emojis/Emoji-26.png,"emoji,red,devil",emoji
emoji_13.png,Emoji/General Emojis/Emoji-13.png,"emoji,crying",emoji
emoji_34.png,Emoji/General Emojis/Emoji-34.png,"emoji,fingergun",emoji
emoji_07.png,Emoji/General Emojis/Emoji-07.png,"emoji,quiet,lipsaresealed,zip,zipper",emoji
emoji_21.png,Emoji/General Emojis/Emoji-21.png,"emoji,puke,vomit,sick",emoji
emoji_08.png,Emoji/General Emojis/Emoji-08.png,"emoji,shout,mad,face",emoji
emoji_29.png,Emoji/General Emojis/Emoji-29.png,"emoji,demon,horns,purple,face",emoji
emoji_23.png,Emoji/General Emojis/Emoji-23.png,"emoji,monkey,hands,ears,deaf",emoji
emoji_25.png,Emoji/General Emojis/Emoji-25.png,"emoji,scream,gasp,surprise",emoji
emoji_12.png,Emoji/General Emojis/Emoji-12.png,"emoji,sick,face,tired,ill",emoji
emoji_14.png,Emoji/General Emojis/Emoji-14.png,"emoji,wink,face,tongue",emoji
emoji_15.png,Emoji/General Emojis/Emoji-15.png,"emoji,blech,tongue,face",emoji
emoji_24.png,Emoji/General Emojis/Emoji-24.png,"emoji,monkey,shy,quiet",emoji
emoji_04.png,Emoji/General Emojis/Emoji-04.png,"emoji,face,smile,yum",emoji
emoji_02.png,Emoji/General Emojis/Emoji-02.png,"emoji,sleep,sleepy,Z,face",emoji
emoji_06.png,Emoji/General Emojis/Emoji-06.png,"emoji,surprise,face",emoji
emoji_31.png,Emoji/General Emojis/Emoji-31.png,"emoji,popcorn,movie",emoji
emoji_33.png,Emoji/General Emojis/Emoji-33.png,"emoji,like,thumbsup",emoji
emoji_17.png,Emoji/General Emojis/Emoji-17.png,"emoji,facepalm,face",emoji
emoji_35.png,Emoji/General Emojis/Emoji-35.png,"emoji,clap,hands",emoji
emoji_18.png,Emoji/General Emojis/Emoji-18.png,"emoji,face,hearts",emoji
emoji_09.png,Emoji/General Emojis/Emoji-09.png,"emoji,smile,smileyface,tongue",emoji
emoji_32.png,Emoji/General Emojis/Emoji-32.png,"emoji,hangten,hands",emoji
forkknifeplate.png,Food/Simple Foods/ForkKnifePlate.png,"food,plate,knife,fork",food
fortune_cookie.png,Food/Simple Foods/Fortune-Cookie.png,"food,fortunecookie,",food
icecreamscoops.png,Food/Simple Foods/IceCreamScoops.png,"food,icecream",food
birthdaycake.png,Food/Simple Foods/BirthdayCake.png,"food,cake,birthdaycake",food
frenchfries.png,Food/Simple Foods/FrenchFries.png,"food,fries,frenchfries,fastfood",food
greenapple.png,Food/Simple Foods/GreenApple.png,"food,fruit,greenapple,apple",food
watermelon.png,Food/Simple Foods/Watermelon.png,"food,fruit,melon,watermelon",food
pizzaslice.png,Food/Simple Foods/PizzaSlice.png,"food,pizza,slice",food
strawberry.png,Food/Simple Foods/Strawberry.png,"food,fruit,strawberry",food
babybottle.png,Food/Simple Foods/BabyBottle.png,"food,milk,bottle",food
narutomaki.png,Food/Simple Foods/Narutomaki.png,"food,fish,Japanese",food
chopsticks.png,Food/Simple Foods/Chopsticks.png,"food,chopsticks",food
chickenleg.png,Food/Simple Foods/ChickenLeg.png,"food,turkey,chicken,drumstick",food
greensoup.png,Food/Simple Foods/Greensoup.png,"food,soup",food
hamburger.png,Food/Simple Foods/Hamburger.png,"food,burger,hamburger,cheeseburger",food
forkknife.png,Food/Simple Foods/ForkKnife.png,"food,knife,fork,utensils",food
cooldrink.png,Food/Simple Foods/CoolDrink.png,"food,water,colddrink",food
croissant.png,Food/Simple Foods/Croissant.png,"food,pastery,croissant",food
brownsoup.png,Food/Simple Foods/Brownsoup.png,"food,cofee,hotchocolate,cocoa",food
shortcake.png,Food/Simple Foods/Shortcake.png,"food,cake,birthdaycake,cheesecake",food
spaghetti.png,Food/Simple Foods/Spaghetti.png,"food,pasta,spaghetti",food
softserve.png,Food/Simple Foods/Softserve.png,"food,softserve,icecream,cone",food
cherrypie.png,Food/Simple Foods/CherryPie.png,"food,pie,cherrypie",food
redcarrot.png,Food/Simple Foods/RedCarrot.png,"food,carrot,vegetable",food
fried_egg.png,Food/Simple Foods/Fried-Egg.png,"food,egg,friedegg,pan",food
breadloaf.png,Food/Simple Foods/Breadloaf.png,"food,loaf,bread",food
pineapple.png,Food/Simple Foods/Pineapple.png,"food,fruit,pineapple",food
sandwich.png,Food/Simple Foods/Sandwich.png,"food,sandwich",food
pancakes.png,Food/Simple Foods/Pancakes.png,"food,pancakes",food
broccoli.png,Food/Simple Foods/Broccoli.png,"food,broccoli,vegetable",food
meatbone.png,Food/Simple Foods/MeatBone.png,"food,meat,rib",food
lollipop.png,Food/Simple Foods/Lollipop.png,"food,candy,lollipop",food
chocobar.png,Food/Simple Foods/Chocobar.png,"food,candy,chocolatebar,chocolate",food
baguette.png,Food/Simple Foods/Baguette.png,"food,bread,baguette",food
sweetbun.png,Food/Simple Foods/Sweetbun.png,"food,dumpling,bun",food
pinkfood.png,Food/Simple Foods/Pinkfood.png,"food,icecream,sorbet",food
cherries.png,Food/Simple Foods/Cherries.png,"food,fruit,cherry,cherries",food
zuchini.png,Food/Simple Foods/Zuchini.png,"food,zuchini",food
takeout.png,Food/Simple Foods/Takeout.png,"food,takeout,chinese",food
burrito.png,Food/Simple Foods/Burrito.png,"food,burrito",food
canfood.png,Food/Simple Foods/CanFood.png,"food,can",food
graphes.png,Food/Simple Foods/Graphes.png,"food,fruit,grapes",food
coconut.png,Food/Simple Foods/Coconut.png,"food,coconut",food
avocado.png,Food/Simple Foods/Avocado.png,"food,avocado",food
popcorn.png,Food/Simple Foods/Popcorn.png,"food,popcorn",food
pretzel.png,Food/Simple Foods/Pretzel.png,"snack,pretzel,food,concession",food
onigiri.png,Food/Simple Foods/Onigiri.png,"sushi,food,rice,onigiri",food
tomato.png,Food/Simple Foods/Tomato.png,"food,tomato,fruit,vegetable,produce",food
potato.png,Food/Simple Foods/Potato.png,"potato,food,produce,spud",food
cookie.png,Food/Simple Foods/Cookie.png,"food,dessert,cookie,Chocolatechipcookie,snack",food
peanut.png,Food/Simple Foods/Peanut.png,"food,snack,peanut,nut,concession",food
cheese.png,Food/Simple Foods/Cheese.png,"food,cheese,swisscheese,mouse",food
shrimp.png,Food/Simple Foods/Shrimp.png,"food,shrimp,seafood",food
hotdog.png,Food/Simple Foods/Hotdog.png,"food,hotdog,hotdog,concession",food
orange.png,Food/Simple Foods/Orange.png,"food,fruit,orange",food
carrot.png,Food/Simple Foods/Carrot.png,"food,fruit,orange,carrot,produce,garden",food
banana.png,Food/Simple Foods/Banana.png,"food,fruit,banana",food
pepper.png,Food/Simple Foods/Pepper.png,"food,chile,pepper,chili",food
bento.png,Food/Simple Foods/Bento.png,"food,bento,japanese",food
apple.png,Food/Simple Foods/Apple.png,"food,fruit,apple",food
donut.png,Food/Simple Foods/Donut.png,"food,donut",food
sushi.png,Food/Simple Foods/Sushi.png,"food,sushi,sashimi,tuna",food
curry.png,Food/Simple Foods/Curry.png,"food,curry,plate",food
salad.png,Food/Simple Foods/Salad.png,"food,salad,greens,lettuce",food
lemon.png,Food/Simple Foods/Lemon.png,"food,fruit,lemon,citrus",food
kebab.png,Food/Simple Foods/Kebab.png,"food,",food
ramen.png,Food/Simple Foods/Ramen.png,"food,ramen,noodles,soup",food
spook.png,Food/Simple Foods/Spook.png,spoon,food
honey.png,Food/Simple Foods/Honey.png,"food,honey,honeypot",food
candy.png,Food/Simple Foods/Candy.png,"food,candy,peppermint",food
bacon.png,Food/Simple Foods/Bacon.png,"food,bacon",food
steak.png,Food/Simple Foods/Steak.png,"food,beef,steak",food
mochi.png,Food/Simple Foods/Mochi.png,"food,mochi,icecream,dessert",food
melon.png,Food/Simple Foods/Melon.png,"food,fruit,melon",food
rice.png,Food/Simple Foods/Rice.png,"food,rice,bowl",food
pear.png,Food/Simple Foods/Pear.png,"food,fruit,pear",food
milk.png,Food/Simple Foods/Milk.png,"milk,glass,drink",food
stew.png,Food/Simple Foods/Stew.png,"food,stew,soup",food
soup.png,Food/Simple Foods/Soup.png,"food,stew,soup",food
corn.png,Food/Simple Foods/Corn.png,"food,vegetable,corn",food
flan.png,Food/Simple Foods/Flan.png,"food,flan,dessert",food
kiwi.png,Food/Simple Foods/Kiwi.png,"food,fruit,kiwi",food
bowl.png,Food/Simple Foods/Bowl.png,"bowl,spoon",food
taco.png,Food/Simple Foods/Taco.png,"food,taco",food
gyro.png,Food/Simple Foods/Gyro.png,"food,pita",food
egg.png,Food/Simple Foods/Egg.png,"food,egg",food
donut_12.png,Food/Donuts/Donut-12.png,"donut,food",food
donut_03.png,Food/Donuts/Donut-03.png,"donut,food",food
donut_23.png,Food/Donuts/Donut-23.png,"donut,food",food
donut_04.png,Food/Donuts/Donut-04.png,"donut,food",food
donut_06.png,Food/Donuts/Donut-06.png,"donut,food",food
soccer_yellow.png,Sports/Sportsballs/Soccer-Yellow.png,"sports,ball,soccer,futbol,football",sports
croquetball.png,Sports/Sportsballs/Croquetball.png,"sports,ball,croquet,croquetball",sports
volleyball2.png,Sports/Sportsballs/Volleyball2.png,"sports,ball,volleyball",sports
soccer_blue.png,Sports/Sportsballs/Soccer-Blue.png,"sports,ball,soccer,futbol,football",sports
shuttlecock.png,Sports/Sportsballs/Shuttlecock.png,"sports,ball,badminton,shuttlecock",sports
bowlingball.png,Sports/Sportsballs/Bowlingball.png,"sports,ball,bowling,bowlingball",sports
tennisball.png,Sports/Sportsballs/Tennisball.png,"sports,ball,tennis,tennisball",sports
volleyball.png,Sports/Sportsballs/Volleyball.png,"sports,ball,volleyball",sports
basketball.png,Sports/Sportsballs/Basketball.png,"sports,ball,basketball",sports
rugbyball.png,Sports/Sportsballs/Rugbyball.png,"sports,ball,rugby",sports
bocceball.png,Sports/Sportsballs/Bocceball.png,"sports,ball,bocce",sports
soccer_bw.png,Sports/Sportsballs/Soccer-BW.png,"sports,ball,soccer,football",sports
eightball.png,Sports/Sportsballs/Eightball.png,"sports,ball,eightball,pool",sports
beachball.png,Sports/Sportsballs/Beachball.png,"sports,ball,beachball",sports
baseball.png,Sports/Sportsballs/Baseball.png,"sports,ball,baseball",sports
miscball.png,Sports/Sportsballs/Miscball.png,"sports,ball,soccerball,footballb",sports
golfball.png,Sports/Sportsballs/Golfball.png,"sports,ball,golfball,golf",sports
football.png,Sports/Sportsballs/Football.png,"sports,ball,football",sports
curling.png,Sports/Sportsballs/Curling.png,"sports,curling",sports
dart.png,Sports/Sportsballs/Dart.png,"sports,dart",sports
puck.png,Sports/Sportsballs/Puck.png,"sports,hockey,puck",sports
spacebattle_09.png,Retro/Space Battle/SpaceBattle-09.png,"spaceship,starfighter,starship,spacecraft,",retro
spacebattle_11.png,Retro/Space Battle/SpaceBattle-11.png,"spaceship,starfighter,starship,spacecraft,",retro
spacebattle_17.png,Retro/Space Battle/SpaceBattle-17.png,"gameicon,coin,gold",retro
spacebattle_18.png,Retro/Space Battle/SpaceBattle-18.png,"gameicon,burst,explosion",retro
spacebattle_10.png,Retro/Space Battle/SpaceBattle-10.png,"spaceship,starfighter,starship,spacecraft,",retro
spacebattle_16.png,Retro/Space Battle/SpaceBattle-16.png,"gameicon,heart,life,hitpoints",retro
spacebattle_04.png,Retro/Space Battle/SpaceBattle-04.png,"spaceship,starfighter,starship,spacecraft,",retro
spacebattle_07.png,Retro/Space Battle/SpaceBattle-07.png,"spaceship,starfighter,starship,spacecraft,",retro
spacebattle_13.png,Retro/Space Battle/SpaceBattle-13.png,"gameicon,live,life",retro
spacebattle_06.png,Retro/Space Battle/SpaceBattle-06.png,"spaceship,starfighter,starship,spacecraft,",retro
spacebattle_08.png,Retro/Space Battle/SpaceBattle-08.png,"spaceship,starfighter,starship,spacecraft,",retro
spacebattle_02.png,Retro/Space Battle/SpaceBattle-02.png,"spaceship,starfighter,starship,spacecraft,",retro
spacebattle_01.png,Retro/Space Battle/SpaceBattle-01.png,"spaceship,starfighter,starship,spacecraft,",retro
spacebattle_15.png,Retro/Space Battle/SpaceBattle-15.png,"gameicon,health,heart,empty,blank",retro
retroaliens_22.png,Retro/Aliens/RetroAliens-22.png,"spaceship,starfighter,starship,spacecraft,alien,aliens,space",retro
retroship_20.png,Retro/Ships/RetroShip-20.png,"spaceship,starfighter,starship,spacecraft,alien,aliens,space",retro
retroship_07.png,Retro/Ships/RetroShip-07.png,"spaceship,starfighter,starship,spacecraft,alien,aliens,space",retro
retroship_12.png,Retro/Ships/RetroShip-12.png,"spaceship,starfighter,starship,spacecraft,alien,aliens,space",retro
retroship_08.png,Retro/Ships/RetroShip-08.png,"spaceship,starfighter,starship,spacecraft,alien,aliens,space",retro
retroship_09.png,Retro/Ships/RetroShip-09.png,"spaceship,starfighter,starship,spacecraft,alien,aliens,space",retro
retroship_16.png,Retro/Ships/RetroShip-16.png,"spaceship,starfighter,starship,spacecraft,alien,aliens,space",retro
retroship_15.png,Retro/Ships/RetroShip-15.png,"spaceship,starfighter,starship,spacecraft,alien,aliens,space",retro
retroship_01.png,Retro/Ships/RetroShip-01.png,"spaceship,starfighter,starship,spacecraft,alien,aliens,space",retro
retroship_23.png,Retro/Ships/RetroShip-23.png,"health,heart,gameicon",retro
retroship_06.png,Retro/Ships/RetroShip-06.png,"spaceship,starfighter,starship,spacecraft,alien,aliens,space",retro
retroship_05.png,Retro/Ships/RetroShip-05.png,"spaceship,starfighter,starship,spacecraft,alien,aliens,space",retro
retroship_19.png,Retro/Ships/RetroShip-19.png,"spaceship,starfighter,starship,spacecraft,alien,aliens,space",retro
retroship_10.png,Retro/Ships/RetroShip-10.png,"spaceship,starfighter,starship,spacecraft,alien,aliens,space",retro
retroship_17.png,Retro/Ships/RetroShip-17.png,"spaceship,starfighter,starship,spacecraft,alien,aliens,space",retro
retroship_03.png,Retro/Ships/RetroShip-03.png,"spaceship,starfighter,starship,spacecraft,alien,aliens,space",retro
retroship_21.png,Retro/Ships/RetroShip-21.png,"spaceship,starfighter,starship,spacecraft,alien,aliens,space",retro
retroship_22.png,Retro/Ships/RetroShip-22.png,"gameicon,health,money,gold",retro
retroship_14.png,Retro/Ships/RetroShip-14.png,"spaceship,starfighter,starship,spacecraft,alien,aliens,space",retro
retroship_18.png,Retro/Ships/RetroShip-18.png,"spaceship,starfighter,starship,spacecraft,alien,aliens,space",retro
retroship_11.png,Retro/Ships/RetroShip-11.png,"spaceship,starfighter,starship,spacecraft,alien,aliens,space",retro
retroship_04.png,Retro/Ships/RetroShip-04.png,"spaceship,starfighter,starship,spacecraft,alien,aliens,space",retro
retroship_02.png,Retro/Ships/RetroShip-02.png,"spaceship,starfighter,starship,spacecraft,alien,aliens,space",retro
retroship_13.png,Retro/Ships/RetroShip-13.png,"spaceship,starfighter,starship,spacecraft,alien,aliens,space",retro
